{
  "Total" : {
    "transaction" : "Total",
    "sampleCount" : 69012,
    "errorCount" : 0,
    "errorPct" : 0.0,
    "meanResTime" : 8.320581927780603,
    "medianResTime" : 8.0,
    "minResTime" : 1.0,
    "maxResTime" : 73.0,
    "pct1ResTime" : 11.0,
    "pct2ResTime" : 12.0,
    "pct3ResTime" : 14.0,
    "throughput" : 1151.6972063682786,
    "receivedKBytesPerSec" : 300.29604892610394,
    "sentKBytesPerSec" : 424.0135222664464
  },
  "GET /api/grades" : {
    "transaction" : "GET /api/grades",
    "sampleCount" : 69012,
    "errorCount" : 0,
    "errorPct" : 0.0,
    "meanResTime" : 8.320581927780603,
    "medianResTime" : 8.0,
    "minResTime" : 1.0,
    "maxResTime" : 73.0,
    "pct1ResTime" : 11.0,
    "pct2ResTime" : 12.0,
    "pct3ResTime" : 14.0,
    "throughput" : 1151.6972063682786,
    "receivedKBytesPerSec" : 300.29604892610394,
    "sentKBytesPerSec" : 424.0135222664464
  }
}