{
  "PUT /api/grades/:id" : {
    "transaction" : "PUT /api/grades/:id",
    "sampleCount" : 5061,
    "errorCount" : 0,
    "errorPct" : 0.0,
    "meanResTime" : 24.74412171507598,
    "medianResTime" : 24.0,
    "minResTime" : 7.0,
    "maxResTime" : 90.0,
    "pct1ResTime" : 33.0,
    "pct2ResTime" : 37.0,
    "pct3ResTime" : 45.0,
    "throughput" : 84.63918387825069,
    "receivedKBytesPerSec" : 40.08789470796053,
    "sentKBytesPerSec" : 34.30201299753324
  },
  "Total" : {
    "transaction" : "Total",
    "sampleCount" : 25335,
    "errorCount" : 0,
    "errorPct" : 0.0,
    "meanResTime" : 22.715492401815638,
    "medianResTime" : 22.0,
    "minResTime" : 7.0,
    "maxResTime" : 90.0,
    "pct1ResTime" : 31.0,
    "pct2ResTime" : 34.0,
    "pct3ResTime" : 41.0,
    "throughput" : 422.5880704563651,
    "receivedKBytesPerSec" : 5797.719474407651,
    "sentKBytesPerSec" : 166.3857941822208
  },
  "GET /api/grades" : {
    "transaction" : "GET /api/grades",
    "sampleCount" : 15210,
    "errorCount" : 0,
    "errorPct" : 0.0,
    "meanResTime" : 22.53662064431293,
    "medianResTime" : 22.0,
    "minResTime" : 7.0,
    "maxResTime" : 77.0,
    "pct1ResTime" : 30.0,
    "pct2ResTime" : 33.0,
    "pct3ResTime" : 40.0,
    "throughput" : 253.7029623698959,
    "receivedKBytesPerSec" : 5716.492627695907,
    "sentKBytesPerSec" : 93.40431329438552
  },
  "POST /api/grades" : {
    "transaction" : "POST /api/grades",
    "sampleCount" : 5064,
    "errorCount" : 0,
    "errorPct" : 0.0,
    "meanResTime" : 21.22531595576623,
    "medianResTime" : 21.0,
    "minResTime" : 7.0,
    "maxResTime" : 86.0,
    "pct1ResTime" : 29.0,
    "pct2ResTime" : 32.0,
    "pct3ResTime" : 38.0,
    "throughput" : 84.56348941286487,
    "receivedKBytesPerSec" : 41.29076631487543,
    "sentKBytesPerSec" : 38.8133203359829
  }
}