{
  "GET /api/baseline/grades" : {
    "transaction" : "GET /api/baseline/grades",
    "sampleCount" : 73095,
    "errorCount" : 0,
    "errorPct" : 0.0,
    "meanResTime" : 7.85298584034476,
    "medianResTime" : 7.0,
    "minResTime" : 1.0,
    "maxResTime" : 60.0,
    "pct1ResTime" : 11.0,
    "pct2ResTime" : 11.0,
    "pct3ResTime" : 14.0,
    "throughput" : 1219.9783025953434,
    "receivedKBytesPerSec" : 321.1658899586915,
    "sentKBytesPerSec" : 459.8746335955103
  },
  "Total" : {
    "transaction" : "Total",
    "sampleCount" : 73095,
    "errorCount" : 0,
    "errorPct" : 0.0,
    "meanResTime" : 7.85298584034476,
    "medianResTime" : 7.0,
    "minResTime" : 1.0,
    "maxResTime" : 60.0,
    "pct1ResTime" : 11.0,
    "pct2ResTime" : 11.0,
    "pct3ResTime" : 14.0,
    "throughput" : 1219.9783025953434,
    "receivedKBytesPerSec" : 321.1658899586915,
    "sentKBytesPerSec" : 459.8746335955103
  }
}