{
  "POST /api/baseline/grades" : {
    "transaction" : "POST /api/baseline/grades",
    "sampleCount" : 6948,
    "errorCount" : 0,
    "errorPct" : 0.0,
    "meanResTime" : 18.42429476108235,
    "medianResTime" : 18.0,
    "minResTime" : 4.0,
    "maxResTime" : 69.0,
    "pct1ResTime" : 24.0,
    "pct2ResTime" : 26.0,
    "pct3ResTime" : 32.0,
    "throughput" : 116.04562991665694,
    "receivedKBytesPerSec" : 55.60872075058875,
    "sentKBytesPerSec" : 51.109940519933865
  },
  "GET /api/baseline/grades" : {
    "transaction" : "GET /api/baseline/grades",
    "sampleCount" : 20856,
    "errorCount" : 0,
    "errorPct" : 0.0,
    "meanResTime" : 15.155494821634042,
    "medianResTime" : 15.0,
    "minResTime" : 2.0,
    "maxResTime" : 70.0,
    "pct1ResTime" : 21.0,
    "pct2ResTime" : 23.0,
    "pct3ResTime" : 31.0,
    "throughput" : 348.0118139798762,
    "receivedKBytesPerSec" : 7476.509735739374,
    "sentKBytesPerSec" : 131.184140816633
  },
  "PUT /api/baseline/grades/:id" : {
    "transaction" : "PUT /api/baseline/grades/:id",
    "sampleCount" : 6946,
    "errorCount" : 0,
    "errorPct" : 0.0,
    "meanResTime" : 18.825942988770432,
    "medianResTime" : 19.0,
    "minResTime" : 4.0,
    "maxResTime" : 83.0,
    "pct1ResTime" : 24.0,
    "pct2ResTime" : 27.0,
    "pct3ResTime" : 33.0,
    "throughput" : 116.05293056205306,
    "receivedKBytesPerSec" : 54.966475900972405,
    "sentKBytesPerSec" : 48.0531665608501
  },
  "Total" : {
    "transaction" : "Total",
    "sampleCount" : 34750,
    "errorCount" : 0,
    "errorPct" : 0.0,
    "meanResTime" : 16.542733812949646,
    "medianResTime" : 17.0,
    "minResTime" : 2.0,
    "maxResTime" : 83.0,
    "pct1ResTime" : 23.0,
    "pct2ResTime" : 26.0,
    "pct3ResTime" : 33.0,
    "throughput" : 579.8528258439153,
    "receivedKBytesPerSec" : 7586.962345546396,
    "sentKBytesPerSec" : 230.23774748035174
  }
}