{
  "PUT /api/grades/:id" : {
    "transaction" : "PUT /api/grades/:id",
    "sampleCount" : 5635,
    "errorCount" : 0,
    "errorPct" : 0.0,
    "meanResTime" : 23.446317657497744,
    "medianResTime" : 23.0,
    "minResTime" : 7.0,
    "maxResTime" : 76.0,
    "pct1ResTime" : 31.0,
    "pct2ResTime" : 33.0,
    "pct3ResTime" : 40.0,
    "throughput" : 94.1662071155228,
    "receivedKBytesPerSec" : 44.60020551858258,
    "sentKBytesPerSec" : 38.16306245404488
  },
  "Total" : {
    "transaction" : "Total",
    "sampleCount" : 28187,
    "errorCount" : 0,
    "errorPct" : 0.0,
    "meanResTime" : 20.416220243374582,
    "medianResTime" : 20.0,
    "minResTime" : 6.0,
    "maxResTime" : 76.0,
    "pct1ResTime" : 27.0,
    "pct2ResTime" : 29.0,
    "pct3ResTime" : 34.0,
    "throughput" : 470.2065192006139,
    "receivedKBytesPerSec" : 6448.737506333826,
    "sentKBytesPerSec" : 185.1402101735312
  },
  "GET /api/grades" : {
    "transaction" : "GET /api/grades",
    "sampleCount" : 16916,
    "errorCount" : 0,
    "errorPct" : 0.0,
    "meanResTime" : 19.546937810357107,
    "medianResTime" : 19.0,
    "minResTime" : 6.0,
    "maxResTime" : 51.0,
    "pct1ResTime" : 25.0,
    "pct2ResTime" : 27.0,
    "pct3ResTime" : 31.0,
    "throughput" : 282.2108406599823,
    "receivedKBytesPerSec" : 6358.838600144309,
    "sentKBytesPerSec" : 103.89988957891927
  },
  "POST /api/grades" : {
    "transaction" : "POST /api/grades",
    "sampleCount" : 5636,
    "errorCount" : 0,
    "errorPct" : 0.0,
    "meanResTime" : 19.995741660752234,
    "medianResTime" : 20.0,
    "minResTime" : 6.0,
    "maxResTime" : 71.0,
    "pct1ResTime" : 26.0,
    "pct2ResTime" : 28.0,
    "pct3ResTime" : 33.0,
    "throughput" : 94.14358734507066,
    "receivedKBytesPerSec" : 45.96854850833528,
    "sentKBytesPerSec" : 43.210435597835165
  }
}