{
  "GET /api/baseline/grades" : {
    "transaction" : "GET /api/baseline/grades",
    "sampleCount" : 64918,
    "errorCount" : 0,
    "errorPct" : 0.0,
    "meanResTime" : 8.845867093872222,
    "medianResTime" : 8.0,
    "minResTime" : 1.0,
    "maxResTime" : 66.0,
    "pct1ResTime" : 12.0,
    "pct2ResTime" : 13.0,
    "pct3ResTime" : 15.0,
    "throughput" : 1083.0135797938008,
    "receivedKBytesPerSec" : 1135.89510224467,
    "sentKBytesPerSec" : 405.0724619736579
  },
  "Total" : {
    "transaction" : "Total",
    "sampleCount" : 64918,
    "errorCount" : 0,
    "errorPct" : 0.0,
    "meanResTime" : 8.845867093872222,
    "medianResTime" : 8.0,
    "minResTime" : 1.0,
    "maxResTime" : 66.0,
    "pct1ResTime" : 12.0,
    "pct2ResTime" : 13.0,
    "pct3ResTime" : 15.0,
    "throughput" : 1083.0135797938008,
    "receivedKBytesPerSec" : 1135.89510224467,
    "sentKBytesPerSec" : 405.0724619736579
  }
}