{
  "POST /api/baseline/grades" : {
    "transaction" : "POST /api/baseline/grades",
    "sampleCount" : 7207,
    "errorCount" : 0,
    "errorPct" : 0.0,
    "meanResTime" : 15.467184681559628,
    "medianResTime" : 15.0,
    "minResTime" : 4.0,
    "maxResTime" : 46.0,
    "pct1ResTime" : 21.0,
    "pct2ResTime" : 23.0,
    "pct3ResTime" : 30.0,
    "throughput" : 120.38552767848195,
    "receivedKBytesPerSec" : 57.72392000989711,
    "sentKBytesPerSec" : 53.021360334956405
  },
  "GET /api/baseline/grades" : {
    "transaction" : "GET /api/baseline/grades",
    "sampleCount" : 21634,
    "errorCount" : 0,
    "errorPct" : 0.0,
    "meanResTime" : 16.171489322362874,
    "medianResTime" : 16.0,
    "minResTime" : 3.0,
    "maxResTime" : 118.0,
    "pct1ResTime" : 21.0,
    "pct2ResTime" : 24.0,
    "pct3ResTime" : 32.0,
    "throughput" : 360.9516817939135,
    "receivedKBytesPerSec" : 7815.802383219184,
    "sentKBytesPerSec" : 136.0618644262213
  },
  "PUT /api/baseline/grades/:id" : {
    "transaction" : "PUT /api/baseline/grades/:id",
    "sampleCount" : 7207,
    "errorCount" : 0,
    "errorPct" : 0.0,
    "meanResTime" : 15.792424032190922,
    "medianResTime" : 15.0,
    "minResTime" : 4.0,
    "maxResTime" : 204.0,
    "pct1ResTime" : 21.0,
    "pct2ResTime" : 24.0,
    "pct3ResTime" : 33.0,
    "throughput" : 120.38753862858097,
    "receivedKBytesPerSec" : 57.0194885106072,
    "sentKBytesPerSec" : 49.847965213396805
  },
  "Total" : {
    "transaction" : "Total",
    "sampleCount" : 36048,
    "errorCount" : 0,
    "errorPct" : 0.0,
    "meanResTime" : 15.954893475366278,
    "medianResTime" : 15.0,
    "minResTime" : 3.0,
    "maxResTime" : 204.0,
    "pct1ResTime" : 18.0,
    "pct2ResTime" : 20.0,
    "pct3ResTime" : 22.0,
    "throughput" : 601.4315030782321,
    "receivedKBytesPerSec" : 7930.278517704006,
    "sentKBytesPerSec" : 238.80623156918932
  }
}