{
  "GET /api/baseline/grades" : {
    "transaction" : "GET /api/baseline/grades",
    "sampleCount" : 81077,
    "errorCount" : 0,
    "errorPct" : 0.0,
    "meanResTime" : 7.082033129000837,
    "medianResTime" : 7.0,
    "minResTime" : 1.0,
    "maxResTime" : 52.0,
    "pct1ResTime" : 10.0,
    "pct2ResTime" : 10.0,
    "pct3ResTime" : 11.0,
    "throughput" : 1352.6359693026359,
    "receivedKBytesPerSec" : 352.68926152715215,
    "sentKBytesPerSec" : 509.8803556160327
  },
  "Total" : {
    "transaction" : "Total",
    "sampleCount" : 81077,
    "errorCount" : 0,
    "errorPct" : 0.0,
    "meanResTime" : 7.082033129000837,
    "medianResTime" : 7.0,
    "minResTime" : 1.0,
    "maxResTime" : 52.0,
    "pct1ResTime" : 10.0,
    "pct2ResTime" : 10.0,
    "pct3ResTime" : 11.0,
    "throughput" : 1352.6359693026359,
    "receivedKBytesPerSec" : 352.68926152715215,
    "sentKBytesPerSec" : 509.8803556160327
  }
}