{
  "Total" : {
    "transaction" : "Total",
    "sampleCount" : 70002,
    "errorCount" : 0,
    "errorPct" : 0.0,
    "meanResTime" : 8.203237050369983,
    "medianResTime" : 8.0,
    "minResTime" : 1.0,
    "maxResTime" : 61.0,
    "pct1ResTime" : 11.0,
    "pct2ResTime" : 12.0,
    "pct3ResTime" : 14.0,
    "throughput" : 1167.848384244507,
    "receivedKBytesPerSec" : 304.5073423762533,
    "sentKBytesPerSec" : 429.9598055275187
  },
  "GET /api/grades" : {
    "transaction" : "GET /api/grades",
    "sampleCount" : 70002,
    "errorCount" : 0,
    "errorPct" : 0.0,
    "meanResTime" : 8.203237050369983,
    "medianResTime" : 8.0,
    "minResTime" : 1.0,
    "maxResTime" : 61.0,
    "pct1ResTime" : 11.0,
    "pct2ResTime" : 12.0,
    "pct3ResTime" : 14.0,
    "throughput" : 1167.848384244507,
    "receivedKBytesPerSec" : 304.5073423762533,
    "sentKBytesPerSec" : 429.9598055275187
  }
}