{
  "PUT /api/grades/:id" : {
    "transaction" : "PUT /api/grades/:id",
    "sampleCount" : 6521,
    "errorCount" : 0,
    "errorPct" : 0.0,
    "meanResTime" : 22.5828860604201,
    "medianResTime" : 22.0,
    "minResTime" : 7.0,
    "maxResTime" : 86.0,
    "pct1ResTime" : 29.0,
    "pct2ResTime" : 32.0,
    "pct3ResTime" : 38.0,
    "throughput" : 108.91204863546781,
    "receivedKBytesPerSec" : 51.58431991035341,
    "sentKBytesPerSec" : 44.13916033566323
  },
  "Total" : {
    "transaction" : "Total",
    "sampleCount" : 32620,
    "errorCount" : 0,
    "errorPct" : 0.0,
    "meanResTime" : 17.648160637645642,
    "medianResTime" : 17.0,
    "minResTime" : 5.0,
    "maxResTime" : 86.0,
    "pct1ResTime" : 24.0,
    "pct2ResTime" : 27.0,
    "pct3ResTime" : 32.0,
    "throughput" : 544.0565738779458,
    "receivedKBytesPerSec" : 7459.9030346748505,
    "sentKBytesPerSec" : 214.21587489263138
  },
  "GET /api/grades" : {
    "transaction" : "GET /api/grades",
    "sampleCount" : 19578,
    "errorCount" : 0,
    "errorPct" : 0.0,
    "meanResTime" : 15.552048217386876,
    "medianResTime" : 15.0,
    "minResTime" : 5.0,
    "maxResTime" : 73.0,
    "pct1ResTime" : 20.0,
    "pct2ResTime" : 22.0,
    "pct3ResTime" : 25.0,
    "throughput" : 326.539462272333,
    "receivedKBytesPerSec" : 7355.406709060602,
    "sentKBytesPerSec" : 120.2200949967476
  },
  "POST /api/grades" : {
    "transaction" : "POST /api/grades",
    "sampleCount" : 6521,
    "errorCount" : 0,
    "errorPct" : 0.0,
    "meanResTime" : 19.00659408066246,
    "medianResTime" : 19.0,
    "minResTime" : 7.0,
    "maxResTime" : 77.0,
    "pct1ResTime" : 24.0,
    "pct2ResTime" : 26.0,
    "pct3ResTime" : 30.0,
    "throughput" : 108.91022964509395,
    "receivedKBytesPerSec" : 53.17882306889353,
    "sentKBytesPerSec" : 49.98809368475992
  }
}