{
  "GET /api/baseline/grades" : {
    "transaction" : "GET /api/baseline/grades",
    "sampleCount" : 70350,
    "errorCount" : 0,
    "errorPct" : 0.0,
    "meanResTime" : 8.155820895522355,
    "medianResTime" : 8.0,
    "minResTime" : 1.0,
    "maxResTime" : 65.0,
    "pct1ResTime" : 12.0,
    "pct2ResTime" : 13.0,
    "pct3ResTime" : 17.0,
    "throughput" : 1173.6540931916384,
    "receivedKBytesPerSec" : 306.0211356271167,
    "sentKBytesPerSec" : 442.4125780976293
  },
  "Total" : {
    "transaction" : "Total",
    "sampleCount" : 70350,
    "errorCount" : 0,
    "errorPct" : 0.0,
    "meanResTime" : 8.155820895522355,
    "medianResTime" : 8.0,
    "minResTime" : 1.0,
    "maxResTime" : 65.0,
    "pct1ResTime" : 12.0,
    "pct2ResTime" : 13.0,
    "pct3ResTime" : 17.0,
    "throughput" : 1173.6540931916384,
    "receivedKBytesPerSec" : 306.0211356271167,
    "sentKBytesPerSec" : 442.4125780976293
  }
}