{
  "POST /api/baseline/grades" : {
    "transaction" : "POST /api/baseline/grades",
    "sampleCount" : 6594,
    "errorCount" : 0,
    "errorPct" : 0.0,
    "meanResTime" : 18.067637245981174,
    "medianResTime" : 18.0,
    "minResTime" : 4.0,
    "maxResTime" : 56.0,
    "pct1ResTime" : 24.0,
    "pct2ResTime" : 26.0,
    "pct3ResTime" : 32.0,
    "throughput" : 110.20121665886758,
    "receivedKBytesPerSec" : 52.840622440921855,
    "sentKBytesPerSec" : 48.53588741518484
  },
  "GET /api/baseline/grades" : {
    "transaction" : "GET /api/baseline/grades",
    "sampleCount" : 19799,
    "errorCount" : 0,
    "errorPct" : 0.0,
    "meanResTime" : 16.973988585282086,
    "medianResTime" : 17.0,
    "minResTime" : 3.0,
    "maxResTime" : 119.0,
    "pct1ResTime" : 23.0,
    "pct2ResTime" : 25.0,
    "pct3ResTime" : 31.0,
    "throughput" : 330.390815338918,
    "receivedKBytesPerSec" : 7154.05815284163,
    "sentKBytesPerSec" : 124.54185031330307
  },
  "PUT /api/baseline/grades/:id" : {
    "transaction" : "PUT /api/baseline/grades/:id",
    "sampleCount" : 6594,
    "errorCount" : 0,
    "errorPct" : 0.0,
    "meanResTime" : 18.17091295116763,
    "medianResTime" : 18.0,
    "minResTime" : 4.0,
    "maxResTime" : 191.0,
    "pct1ResTime" : 24.0,
    "pct2ResTime" : 27.0,
    "pct3ResTime" : 36.0,
    "throughput" : 110.21595239687103,
    "receivedKBytesPerSec" : 52.20189151609614,
    "sentKBytesPerSec" : 45.63629278932941
  },
  "Total" : {
    "transaction" : "Total",
    "sampleCount" : 32987,
    "errorCount" : 0,
    "errorPct" : 0.0,
    "meanResTime" : 17.431867099160186,
    "medianResTime" : 17.0,
    "minResTime" : 3.0,
    "maxResTime" : 191.0,
    "pct1ResTime" : 23.0,
    "pct2ResTime" : 25.0,
    "pct3ResTime" : 30.0,
    "throughput" : 550.4622367586691,
    "receivedKBytesPerSec" : 7258.93593961198,
    "sentKBytesPerSec" : 218.56650546090177
  }
}