{
  "Total" : {
    "transaction" : "Total",
    "sampleCount" : 67761,
    "errorCount" : 0,
    "errorPct" : 0.0,
    "meanResTime" : 8.47183483124507,
    "medianResTime" : 8.0,
    "minResTime" : 1.0,
    "maxResTime" : 57.0,
    "pct1ResTime" : 12.0,
    "pct2ResTime" : 13.0,
    "pct3ResTime" : 15.0,
    "throughput" : 1130.6125173109974,
    "receivedKBytesPerSec" : 259.4667398125824,
    "sentKBytesPerSec" : 412.9385561272588
  },
  "GET /api/grades" : {
    "transaction" : "GET /api/grades",
    "sampleCount" : 67761,
    "errorCount" : 0,
    "errorPct" : 0.0,
    "meanResTime" : 8.47183483124507,
    "medianResTime" : 8.0,
    "minResTime" : 1.0,
    "maxResTime" : 57.0,
    "pct1ResTime" : 12.0,
    "pct2ResTime" : 13.0,
    "pct3ResTime" : 15.0,
    "throughput" : 1130.6125173109974,
    "receivedKBytesPerSec" : 259.4667398125824,
    "sentKBytesPerSec" : 412.9385561272588
  }
}