{
  "Total" : {
    "transaction" : "Total",
    "sampleCount" : 69762,
    "errorCount" : 0,
    "errorPct" : 0.0,
    "meanResTime" : 8.232519136492682,
    "medianResTime" : 8.0,
    "minResTime" : 1.0,
    "maxResTime" : 101.0,
    "pct1ResTime" : 11.0,
    "pct2ResTime" : 12.0,
    "pct3ResTime" : 14.0,
    "throughput" : 1163.9026994561045,
    "receivedKBytesPerSec" : 303.47853589333977,
    "sentKBytesPerSec" : 428.507146186476
  },
  "GET /api/grades" : {
    "transaction" : "GET /api/grades",
    "sampleCount" : 69762,
    "errorCount" : 0,
    "errorPct" : 0.0,
    "meanResTime" : 8.232519136492682,
    "medianResTime" : 8.0,
    "minResTime" : 1.0,
    "maxResTime" : 101.0,
    "pct1ResTime" : 11.0,
    "pct2ResTime" : 12.0,
    "pct3ResTime" : 14.0,
    "throughput" : 1163.9026994561045,
    "receivedKBytesPerSec" : 303.47853589333977,
    "sentKBytesPerSec" : 428.507146186476
  }
}