{
  "PUT /api/grades/:id" : {
    "transaction" : "PUT /api/grades/:id",
    "sampleCount" : 5001,
    "errorCount" : 0,
    "errorPct" : 0.0,
    "meanResTime" : 26.421915616876653,
    "medianResTime" : 25.0,
    "minResTime" : 7.0,
    "maxResTime" : 148.0,
    "pct1ResTime" : 36.0,
    "pct2ResTime" : 41.0,
    "pct3ResTime" : 53.0,
    "throughput" : 83.54354254021817,
    "receivedKBytesPerSec" : 39.56896301953693,
    "sentKBytesPerSec" : 33.8579786662017
  },
  "Total" : {
    "transaction" : "Total",
    "sampleCount" : 25020,
    "errorCount" : 0,
    "errorPct" : 0.0,
    "meanResTime" : 22.99256594724227,
    "medianResTime" : 23.0,
    "minResTime" : 6.0,
    "maxResTime" : 148.0,
    "pct1ResTime" : 34.0,
    "pct2ResTime" : 38.0,
    "pct3ResTime" : 47.0,
    "throughput" : 417.354751538808,
    "receivedKBytesPerSec" : 5724.122551694983,
    "sentKBytesPerSec" : 164.33006141157483
  },
  "GET /api/grades" : {
    "transaction" : "GET /api/grades",
    "sampleCount" : 15016,
    "errorCount" : 0,
    "errorPct" : 0.0,
    "meanResTime" : 21.999134256792672,
    "medianResTime" : 21.0,
    "minResTime" : 6.0,
    "maxResTime" : 83.0,
    "pct1ResTime" : 31.0,
    "pct2ResTime" : 35.0,
    "pct3ResTime" : 43.0,
    "throughput" : 250.4879310057217,
    "receivedKBytesPerSec" : 5644.05081259279,
    "sentKBytesPerSec" : 92.22065428628622
  },
  "POST /api/grades" : {
    "transaction" : "POST /api/grades",
    "sampleCount" : 5003,
    "errorCount" : 0,
    "errorPct" : 0.0,
    "meanResTime" : 22.546272236658037,
    "medianResTime" : 22.0,
    "minResTime" : 7.0,
    "maxResTime" : 141.0,
    "pct1ResTime" : 31.0,
    "pct2ResTime" : 35.0,
    "pct3ResTime" : 44.0,
    "throughput" : 83.5629937699387,
    "receivedKBytesPerSec" : 40.80224305172788,
    "sentKBytesPerSec" : 38.354108468624204
  }
}