{
  "GET /api/baseline/grades" : {
    "transaction" : "GET /api/baseline/grades",
    "sampleCount" : 81502,
    "errorCount" : 0,
    "errorPct" : 0.0,
    "meanResTime" : 7.046980442197755,
    "medianResTime" : 6.0,
    "minResTime" : 1.0,
    "maxResTime" : 54.0,
    "pct1ResTime" : 10.0,
    "pct2ResTime" : 10.0,
    "pct3ResTime" : 11.0,
    "throughput" : 1359.703708646836,
    "receivedKBytesPerSec" : 354.5321193444387,
    "sentKBytesPerSec" : 512.5445620485143
  },
  "Total" : {
    "transaction" : "Total",
    "sampleCount" : 81502,
    "errorCount" : 0,
    "errorPct" : 0.0,
    "meanResTime" : 7.046980442197755,
    "medianResTime" : 6.0,
    "minResTime" : 1.0,
    "maxResTime" : 54.0,
    "pct1ResTime" : 10.0,
    "pct2ResTime" : 10.0,
    "pct3ResTime" : 11.0,
    "throughput" : 1359.703708646836,
    "receivedKBytesPerSec" : 354.5321193444387,
    "sentKBytesPerSec" : 512.5445620485143
  }
}