{
  "POST /api/baseline/grades" : {
    "transaction" : "POST /api/baseline/grades",
    "sampleCount" : 7360,
    "errorCount" : 0,
    "errorPct" : 0.0,
    "meanResTime" : 14.306250000000043,
    "medianResTime" : 14.0,
    "minResTime" : 3.0,
    "maxResTime" : 37.0,
    "pct1ResTime" : 19.0,
    "pct2ResTime" : 20.0,
    "pct3ResTime" : 23.0,
    "throughput" : 122.88170965856916,
    "receivedKBytesPerSec" : 58.920819767927206,
    "sentKBytesPerSec" : 54.12075298438935
  },
  "GET /api/baseline/grades" : {
    "transaction" : "GET /api/baseline/grades",
    "sampleCount" : 22091,
    "errorCount" : 0,
    "errorPct" : 0.0,
    "meanResTime" : 16.48807206554708,
    "medianResTime" : 17.0,
    "minResTime" : 4.0,
    "maxResTime" : 62.0,
    "pct1ResTime" : 21.0,
    "pct2ResTime" : 23.0,
    "pct3ResTime" : 26.0,
    "throughput" : 368.4535325905664,
    "receivedKBytesPerSec" : 7978.242361455692,
    "sentKBytesPerSec" : 138.88971052730335
  },
  "PUT /api/baseline/grades/:id" : {
    "transaction" : "PUT /api/baseline/grades/:id",
    "sampleCount" : 7359,
    "errorCount" : 0,
    "errorPct" : 0.0,
    "meanResTime" : 14.414866150292188,
    "medianResTime" : 14.0,
    "minResTime" : 3.0,
    "maxResTime" : 84.0,
    "pct1ResTime" : 18.0,
    "pct2ResTime" : 20.0,
    "pct3ResTime" : 24.399999999999636,
    "throughput" : 122.90605427974947,
    "receivedKBytesPerSec" : 58.21234016179541,
    "sentKBytesPerSec" : 50.890788100208766
  },
  "Total" : {
    "transaction" : "Total",
    "sampleCount" : 36810,
    "errorCount" : 0,
    "errorPct" : 0.0,
    "meanResTime" : 15.637353979896739,
    "medianResTime" : 16.0,
    "minResTime" : 3.0,
    "maxResTime" : 84.0,
    "pct1ResTime" : 20.0,
    "pct2ResTime" : 22.0,
    "pct3ResTime" : 25.0,
    "throughput" : 613.9502301687904,
    "receivedKBytesPerSec" : 8095.236930259273,
    "sentKBytesPerSec" : 243.7774354839382
  }
}